{
  "base": {
    "n_positions": 61577,
    "bucket_edges": [
      0.0,
      0.021893659606575966,
      0.48885270953178406,
      1.6286605596542358,
      8.86012940270996
    ],
    "buckets": {
      "q1_lo_entropy": {
        "n": 15394,
        "H_range": [
          0.0,
          0.021893659606575966
        ],
        "H_mean": 0.004713153000921011,
        "agreement": 0.9966870546340942,
        "top1_mass": 0.99070143699646,
        "tv_to_teacher": 0.009044816717505455
      },
      "q2": {
        "n": 15394,
        "H_range": [
          0.021893659606575966,
          0.48885270953178406
        ],
        "H_mean": 0.1765996813774109,
        "agreement": 0.9717422723770142,
        "top1_mass": 0.9011305570602417,
        "tv_to_teacher": 0.07915648818016052
      },
      "q3": {
        "n": 15394,
        "H_range": [
          0.48885270953178406,
          1.6286605596542358
        ],
        "H_mean": 0.9683821201324463,
        "agreement": 0.8475379943847656,
        "top1_mass": 0.6176592707633972,
        "tv_to_teacher": 0.19293664395809174
      },
      "q4_hi_entropy": {
        "n": 15395,
        "H_range": [
          1.6286605596542358,
          8.86012940270996
        ],
        "H_mean": 3.16391658782959,
        "agreement": 0.6043520569801331,
        "top1_mass": 0.2647378742694855,
        "tv_to_teacher": 0.33740630745887756
      }
    },
    "overall": {
      "agreement": 0.8550757765769958,
      "top1_mass": 0.6935503482818604,
      "tv_to_teacher": 0.15463903546333313
    }
  },
  "ce": {
    "n_positions": 61577,
    "bucket_edges": [
      0.0,
      0.021893659606575966,
      0.48885270953178406,
      1.6286605596542358,
      8.86012940270996
    ],
    "buckets": {
      "q1_lo_entropy": {
        "n": 15394,
        "H_range": [
          0.0,
          0.021893659606575966
        ],
        "H_mean": 0.004713153000921011,
        "agreement": 0.9961023926734924,
        "top1_mass": 0.9907571077346802,
        "tv_to_teacher": 0.00909071322530508
      },
      "q2": {
        "n": 15394,
        "H_range": [
          0.021893659606575966,
          0.48885270953178406
        ],
        "H_mean": 0.1765996813774109,
        "agreement": 0.9684942364692688,
        "top1_mass": 0.9089362025260925,
        "tv_to_teacher": 0.08142702281475067
      },
      "q3": {
        "n": 15394,
        "H_range": [
          0.48885270953178406,
          1.6286605596542358
        ],
        "H_mean": 0.9683821201324463,
        "agreement": 0.833051860332489,
        "top1_mass": 0.651346743106842,
        "tv_to_teacher": 0.23135386407375336
      },
      "q4_hi_entropy": {
        "n": 15395,
        "H_range": [
          1.6286605596542358,
          8.86012940270996
        ],
        "H_mean": 3.16391658782959,
        "agreement": 0.5743423104286194,
        "top1_mass": 0.2679538428783417,
        "tv_to_teacher": 0.36464011669158936
      }
    },
    "overall": {
      "agreement": 0.8429933190345764,
      "top1_mass": 0.704741358757019,
      "tv_to_teacher": 0.1716310679912567
    }
  },
  "fkl": {
    "n_positions": 61577,
    "bucket_edges": [
      0.0,
      0.021893659606575966,
      0.48885270953178406,
      1.6286605596542358,
      8.86012940270996
    ],
    "buckets": {
      "q1_lo_entropy": {
        "n": 15394,
        "H_range": [
          0.0,
          0.021893659606575966
        ],
        "H_mean": 0.004713153000921011,
        "agreement": 0.9964271783828735,
        "top1_mass": 0.9900428652763367,
        "tv_to_teacher": 0.009692290797829628
      },
      "q2": {
        "n": 15394,
        "H_range": [
          0.021893659606575966,
          0.48885270953178406
        ],
        "H_mean": 0.1765996813774109,
        "agreement": 0.9706379175186157,
        "top1_mass": 0.8993417024612427,
        "tv_to_teacher": 0.08057872951030731
      },
      "q3": {
        "n": 15394,
        "H_range": [
          0.48885270953178406,
          1.6286605596542358
        ],
        "H_mean": 0.9683821201324463,
        "agreement": 0.8471482396125793,
        "top1_mass": 0.614698588848114,
        "tv_to_teacher": 0.19368813931941986
      },
      "q4_hi_entropy": {
        "n": 15395,
        "H_range": [
          1.6286605596542358,
          8.86012940270996
        ],
        "H_mean": 3.16391658782959,
        "agreement": 0.6020136475563049,
        "top1_mass": 0.2607821524143219,
        "tv_to_teacher": 0.3381332755088806
      }
    },
    "overall": {
      "agreement": 0.8540526628494263,
      "top1_mass": 0.6912093162536621,
      "tv_to_teacher": 0.1555260568857193
    }
  },
  "rkl": {
    "n_positions": 61577,
    "bucket_edges": [
      0.0,
      0.021893659606575966,
      0.48885270953178406,
      1.6286605596542358,
      8.86012940270996
    ],
    "buckets": {
      "q1_lo_entropy": {
        "n": 15394,
        "H_range": [
          0.0,
          0.021893659606575966
        ],
        "H_mean": 0.004713153000921011,
        "agreement": 0.9964271783828735,
        "top1_mass": 0.9937951564788818,
        "tv_to_teacher": 0.006278680637478828
      },
      "q2": {
        "n": 15394,
        "H_range": [
          0.021893659606575966,
          0.48885270953178406
        ],
        "H_mean": 0.1765996813774109,
        "agreement": 0.9686241745948792,
        "top1_mass": 0.9296032190322876,
        "tv_to_teacher": 0.06326156109571457
      },
      "q3": {
        "n": 15394,
        "H_range": [
          0.48885270953178406,
          1.6286605596542358
        ],
        "H_mean": 0.9683821201324463,
        "agreement": 0.843315601348877,
        "top1_mass": 0.6689162850379944,
        "tv_to_teacher": 0.18859675526618958
      },
      "q4_hi_entropy": {
        "n": 15395,
        "H_range": [
          1.6286605596542358,
          8.86012940270996
        ],
        "H_mean": 3.16391658782959,
        "agreement": 0.6020136475563049,
        "top1_mass": 0.3201330304145813,
        "tv_to_teacher": 0.3498207926750183
      }
    },
    "overall": {
      "agreement": 0.8525910973548889,
      "top1_mass": 0.7281053066253662,
      "tv_to_teacher": 0.15199266374111176
    }
  },
  "gkd": {
    "n_positions": 61577,
    "bucket_edges": [
      0.0,
      0.021893659606575966,
      0.48885270953178406,
      1.6286605596542358,
      8.86012940270996
    ],
    "buckets": {
      "q1_lo_entropy": {
        "n": 15394,
        "H_range": [
          0.0,
          0.021893659606575966
        ],
        "H_mean": 0.004713153000921011,
        "agreement": 0.9950630068778992,
        "top1_mass": 0.9904466271400452,
        "tv_to_teacher": 0.009468917734920979
      },
      "q2": {
        "n": 15394,
        "H_range": [
          0.021893659606575966,
          0.48885270953178406
        ],
        "H_mean": 0.1765996813774109,
        "agreement": 0.962323009967804,
        "top1_mass": 0.90757817029953,
        "tv_to_teacher": 0.07805311679840088
      },
      "q3": {
        "n": 15394,
        "H_range": [
          0.48885270953178406,
          1.6286605596542358
        ],
        "H_mean": 0.9683821201324463,
        "agreement": 0.8396778106689453,
        "top1_mass": 0.6365717053413391,
        "tv_to_teacher": 0.1938490867614746
      },
      "q4_hi_entropy": {
        "n": 15395,
        "H_range": [
          1.6286605596542358,
          8.86012940270996
        ],
        "H_mean": 3.16391658782959,
        "agreement": 0.6000000238418579,
        "top1_mass": 0.29088035225868225,
        "tv_to_teacher": 0.34255632758140564
      }
    },
    "overall": {
      "agreement": 0.8492619395256042,
      "top1_mass": 0.7063624858856201,
      "tv_to_teacher": 0.15598489344120026
    }
  }
}