{
  "cfg": {
    "loss": "rkl",
    "teacher": "/home/prannayk/models/qwen-coder-1.5b",
    "student": "/home/prannayk/models/qwen-coder-0.5b",
    "train_pt": "data/cache/train.pt",
    "val_pt": "data/cache/val.pt",
    "out_dir": "checkpoints",
    "steps": 2500,
    "eval_every": 250,
    "batch_size": 2,
    "grad_accum": 4,
    "lr": 2e-05,
    "warmup": 100,
    "temperature": 1.0,
    "rollout_temperature": 1.0,
    "rollout_prompt_len": 64,
    "rollout_new": 64,
    "seed": 0,
    "log_every": 50
  },
  "log": {
    "step": [
      0,
      250,
      500,
      750,
      1000,
      1250,
      1500,
      1750,
      2000,
      2250,
      2500
    ],
    "train_loss": [
      null,
      null,
      0.33948055654764175,
      null,
      0.2131424956023693,
      null,
      0.2286221981048584,
      null,
      0.3268560357391834,
      null,
      0.21302448585629463
    ],
    "val_nll": [
      1.2846193275654236,
      1.3196706599784365,
      1.3280757918487092,
      1.332705696554847,
      1.3302300572114614,
      1.3334117990816503,
      1.3319842730411466,
      1.334204153897889,
      1.3328702328724986,
      1.3326919971720492,
      1.3330511923920585
    ],
    "wallclock_s": [
      0.0,
      29.76321029663086,
      58.13576555252075,
      86.45137667655945,
      114.79070782661438,
      143.10126066207886,
      171.47142481803894,
      199.81406807899475,
      228.19077730178833,
      256.5462555885315,
      284.93821597099304
    ]
  }
}