{
  "cfg": {
    "loss": "fkl",
    "teacher": "/home/prannayk/models/qwen-coder-1.5b",
    "student": "/home/prannayk/models/qwen-coder-0.5b",
    "train_pt": "data/cache/train.pt",
    "val_pt": "data/cache/val.pt",
    "out_dir": "checkpoints",
    "steps": 2500,
    "eval_every": 250,
    "batch_size": 2,
    "grad_accum": 4,
    "lr": 2e-05,
    "warmup": 100,
    "temperature": 1.0,
    "rollout_temperature": 1.0,
    "rollout_prompt_len": 64,
    "rollout_new": 64,
    "seed": 0,
    "log_every": 50
  },
  "log": {
    "step": [
      0,
      250,
      500,
      750,
      1000,
      1250,
      1500,
      1750,
      2000,
      2250,
      2500
    ],
    "train_loss": [
      null,
      null,
      0.28950176015496254,
      null,
      0.17828093841671944,
      null,
      0.20707299932837486,
      null,
      0.2607351802289486,
      null,
      0.17857911810278893
    ],
    "val_nll": [
      1.2846193275654236,
      1.28870074252657,
      1.2891768825610364,
      1.2895923452626514,
      1.2887263888495932,
      1.288309791223349,
      1.2878342865484347,
      1.2875474767221706,
      1.2872457255388199,
      1.287386598925748,
      1.2870920844976108
    ],
    "wallclock_s": [
      0.0,
      43.26893997192383,
      71.41603231430054,
      99.51061367988586,
      128.9207570552826,
      173.08578777313232,
      217.28971791267395,
      261.4668662548065,
      305.7908978462219,
      349.91738867759705,
      386.2336311340332
    ]
  }
}