{
  "cfg": {
    "loss": "ce",
    "teacher": "Qwen/Qwen2.5-Coder-1.5B",
    "student": "Qwen/Qwen2.5-Coder-0.5B",
    "train_pt": "data/cache/train.pt",
    "val_pt": "data/cache/val.pt",
    "out_dir": "checkpoints",
    "steps": 2500,
    "eval_every": 250,
    "batch_size": 2,
    "grad_accum": 4,
    "lr": 2e-05,
    "warmup": 100,
    "temperature": 1.0,
    "rollout_temperature": 1.0,
    "rollout_prompt_len": 64,
    "rollout_new": 64,
    "seed": 0,
    "log_every": 50
  },
  "log": {
    "step": [
      0,
      250,
      500,
      750,
      1000,
      1250,
      1500,
      1750,
      2000,
      2250,
      2500
    ],
    "train_loss": [
      null,
      null,
      1.1785280108451843,
      null,
      0.9611395299434662,
      null,
      1.4018690586090088,
      null,
      1.3120950162410736,
      null,
      1.261158525943756
    ],
    "val_nll": [
      1.2846193275654236,
      1.2716546107208124,
      1.2761927629656644,
      1.2778747073896681,
      1.2789727633234482,
      1.280165222188784,
      1.2817992430574092,
      1.2811988431484285,
      1.2816570989513765,
      1.2816128230140211,
      1.2815995696714708
    ],
    "wallclock_s": [
      0.0,
      30.43833875656128,
      59.12926387786865,
      87.71326041221619,
      116.29605221748352,
      144.82541751861572,
      173.34200358390808,
      201.80644822120667,
      230.47137069702148,
      259.01201248168945,
      287.5930395126343
    ]
  }
}