{
  "args": {
    "middle": "mix",
    "student": "/models/qwen-coder-0.5b",
    "data": "data/fim/mellum_completions.jsonl",
    "out_dir": "checkpoints",
    "steps": 1200,
    "lr": 2e-05,
    "batch_size": 2,
    "grad_accum": 4,
    "seq_len": 512,
    "seed": 0,
    "eval_every": 300,
    "log_every": 50,
    "warmup": 100
  },
  "log": {
    "step": [
      300,
      600,
      900,
      1200
    ],
    "train_loss": [
      0.8100790195167065,
      0.7772903591394424,
      0.6076293250080198,
      0.7239617137238383
    ],
    "val_middle_nll": [
      0.9177422488692903,
      0.9675642069238816,
      1.00406831685644,
      1.0066313499951884
    ],
    "wallclock_s": [
      48.54903554916382,
      95.8056902885437,
      143.79128980636597,
      191.29105257987976
    ]
  }
}