{
  "cfg": {
    "loss": "ce",
    "teacher": "/home/prannayk/models/qwen-coder-1.5b",
    "student": "/home/prannayk/models/qwen-coder-0.5b",
    "train_pt": "data/cache/train.pt",
    "val_pt": "data/cache/val.pt",
    "out_dir": "checkpoints",
    "steps": 2500,
    "eval_every": 500,
    "batch_size": 2,
    "grad_accum": 4,
    "lr": 2e-05,
    "warmup": 100,
    "temperature": 1.0,
    "rollout_temperature": 1.0,
    "rollout_prompt_len": 64,
    "rollout_new": 64,
    "seed": 1,
    "log_every": 50
  },
  "log": {
    "step": [
      0,
      500,
      1000,
      1500,
      2000,
      2500
    ],
    "train_loss": [
      null,
      0.9507346600294113,
      1.2180382311344147,
      0.9088230431079865,
      0.9955641776323318,
      1.3508915603160858
    ],
    "val_nll": [
      1.2846193275654236,
      1.275004547429882,
      1.2799726874292046,
      1.2821382415750173,
      1.281966801545537,
      1.282043947675522
    ],
    "wallclock_s": [
      0.0,
      57.570096254348755,
      112.09854745864868,
      167.68423891067505,
      223.35986924171448,
      278.9734945297241
    ]
  }
}