{
  "cfg": {
    "loss": "gkd",
    "teacher": "Qwen/Qwen2.5-Coder-1.5B",
    "student": "Qwen/Qwen2.5-Coder-0.5B",
    "train_pt": "data/cache/train.pt",
    "val_pt": "data/cache/val.pt",
    "out_dir": "checkpoints",
    "steps": 2500,
    "eval_every": 250,
    "batch_size": 2,
    "grad_accum": 4,
    "lr": 2e-05,
    "warmup": 100,
    "temperature": 1.0,
    "rollout_temperature": 1.0,
    "rollout_prompt_len": 64,
    "rollout_new": 64,
    "seed": 0,
    "log_every": 50
  },
  "log": {
    "step": [
      0,
      250,
      500,
      750,
      1000,
      1250,
      1500,
      1750,
      2000,
      2250,
      2500
    ],
    "train_loss": [
      null,
      null,
      0.22516773641109467,
      null,
      0.23781940713524818,
      null,
      0.30876950919628143,
      null,
      0.3078674301505089,
      null,
      0.13608483411371708
    ],
    "val_nll": [
      1.2846193275654236,
      1.3056222754672249,
      1.3132339146230279,
      1.3188185585666625,
      1.319911209483845,
      1.3213557643497928,
      1.3200372049505218,
      1.3184390090433649,
      1.318480087367747,
      1.3184078417332796,
      1.3185193131383015
    ],
    "wallclock_s": [
      0.0,
      218.6888689994812,
      434.5081670284271,
      650.673769235611,
      866.7285223007202,
      1083.0049922466278,
      1332.1978883743286,
      1586.3569514751434,
      1859.2469341754913,
      2129.4798817634583,
      2399.939316034317
    ]
  }
}