{
  "args": {
    "middle": "gold",
    "student": "/models/qwen-coder-0.5b",
    "data": "data/fim/mellum_completions.jsonl",
    "out_dir": "checkpoints",
    "steps": 1200,
    "lr": 2e-05,
    "batch_size": 2,
    "grad_accum": 4,
    "seq_len": 512,
    "seed": 0,
    "eval_every": 300,
    "log_every": 50,
    "warmup": 100
  },
  "log": {
    "step": [
      300,
      600,
      900,
      1200
    ],
    "train_loss": [
      0.675769867375493,
      0.7606170922517776,
      0.34188622783403844,
      0.24353947676718235
    ],
    "val_middle_nll": [
      0.9062663868395952,
      0.9460159782075533,
      0.9785983127399083,
      0.9796311413284636
    ],
    "wallclock_s": [
      48.495638608932495,
      95.82314038276672,
      143.12715411186218,
      190.31953954696655
    ]
  }
}